Treatment,mean,std,count
control,22.4305539867631,1.2514649432630525,3
shaded,16.092886705024767,2.662593912747561,3
