Treatment,mean,std,count
control,4012.465774716413,1.9552256264205006,3
shaded,3585.543334050018,1.9729701109326507,3
